OldEdgeA,OldEdgeB, NewEdgeA1,NewEdgeA2,NewEdgeB1,NewEdgeB2,NewEdgeC,posA1,posA2
1,25,28,29,30,31,27,0.5,0.5
3,24,33,34,35,36,32,0.5,0.5
6,13,38,39,40,41,37,0.574459,0.5
8,36,43,44,45,46,42,0.5,0.5
5,31,48,49,50,51,47,0.5,0.5
43,45,53,54,55,56,52,0.5,0.5
29,34,58,59,60,61,57,0.5,0.5
53,20,63,64,65,66,62,0.5,0.5
49,44,68,69,70,71,67,0.5,0.5
4,21,73,74,75,76,72,0.5,0.5
67,64,78,79,80,81,77,0.5,0.5
38,15,83,84,85,86,82,0.5,0.5
33,28,88,89,90,91,87,0.5,0.5
63,17,93,94,95,96,92,0.5,0.5
32,35,98,99,100,101,97,0.5,0.5
68,51,103,104,105,106,102,0.5,0.5
60,23,108,109,110,111,107,0.5,0.5
71,2,113,114,115,116,112,0.5,0.5
58,14,118,119,120,121,117,0.5,0.5
7,18,123,124,125,126,122,0.5,0.5
83,86,128,129,130,131,127,0.5,0.5
74,76,133,134,135,136,132,0.5,0.5
77,22,138,139,140,141,137,0.5,0.5
42,99,143,144,145,146,142,0.5,0.5
62,66,148,149,150,151,147,0.5,0.5
48,140,153,154,155,156,152,0.5,0.5
90,10,158,159,160,161,157,0.0593491,0.5
52,143,163,164,165,166,162,0.5,0.5
39,85,168,169,170,171,167,0.5,0.5
47,106,173,174,175,176,172,0.5,0.5
72,75,178,179,180,181,177,0.5,0.5
80,126,183,184,185,186,182,0.5,0.5
61,110,188,189,190,191,187,0.5,0.5
94,92,193,194,195,196,192,0.385848,0.0926884
73,26,198,199,200,201,197,0.5,0.5
108,11,203,204,205,206,202,0.5,0.5
109,187,208,209,210,211,207,0.5,0.5
88,190,213,214,215,216,212,0.5,0.5
98,213,218,219,220,221,217,0.5,0.5
79,138,223,224,225,226,222,0.5,0.5
112,95,228,229,230,231,227,0.5,0.5
107,203,233,234,235,236,232,0.5,0.5
89,87,238,239,240,241,237,0.5,0.5
103,59,243,244,245,246,242,0.5,0.5
91,161,248,249,250,251,247,0.824822,0.5
118,121,253,254,255,256,252,0.5,0.5
113,65,258,259,260,261,257,0.5,0.5
27,30,263,264,265,266,262,0.5,0.5
70,189,268,269,270,271,267,0.5,0.5
116,16,273,274,275,276,272,0.5,0.5
57,238,278,279,280,281,277,0.5,0.5
123,41,283,284,285,286,282,0.5,0.5
104,176,288,289,290,291,287,0.5,0.5
117,120,293,294,295,296,292,0.5,0.5
102,263,298,299,300,301,297,0.5,0.433347
37,124,303,304,305,306,302,0.5,0.5
81,231,308,309,310,311,307,0.5,0.5
115,275,313,314,315,316,312,0.5,0.5
127,82,318,319,320,321,317,0.232537,0.5
133,260,323,324,325,326,322,0.172053,0.5
78,156,328,329,330,331,327,0.5,0.5
84,129,333,334,335,336,332,0.5,0.5
93,148,338,339,340,341,337,0.5,0.5
122,186,343,344,345,346,342,0.36264,0.5
97,100,348,349,350,351,347,0.5,0.5
132,134,353,354,355,356,352,0.5,0.5
142,46,358,359,360,361,357,0.5,0.5
54,162,363,364,365,366,362,0.5,0.5
147,337,368,369,370,371,367,0.5,0.5
139,137,373,374,375,376,372,0.5,0.5
159,251,378,379,380,381,377,0.5,0.5
153,152,383,384,385,386,382,0.5,0.5
114,326,388,389,390,391,387,0.5,0.5
163,164,393,394,395,396,392,0.5,0.5
167,273,398,399,400,401,397,0.5,0.5
154,327,403,404,405,406,402,0.5,0.5
172,175,408,409,410,411,407,0.5,0.5
166,358,413,414,415,416,412,0.5,0.5
119,295,418,419,420,421,417,0.5,0.5
149,257,423,424,425,426,422,0.5,0.5
169,171,428,429,430,431,427,0.5,0.5
174,403,433,434,435,436,432,0.5,0.5
146,101,438,439,440,441,437,0.5,0.5
173,291,443,444,445,446,442,0.5,0.5
183,311,448,449,450,451,447,0.5,0.5
184,447,453,454,455,456,452,0.5,0.5
168,12,458,459,460,461,457,0.5,0.5
188,205,463,464,465,466,462,0.5,0.5
179,136,468,469,470,471,467,0.5,0.5
192,310,473,474,475,476,472,0.5,0.5
195,96,478,479,480,481,477,0.5,0.5
145,360,483,484,485,486,482,0.5,0.5
177,199,488,489,490,491,487,0.5,0.5
182,346,493,494,495,496,492,0.5,0.5
202,306,498,499,500,501,497,0.5,0.5
165,414,503,504,505,506,502,0.5,0.5
207,211,508,509,510,511,507,0.5,0.5
208,466,513,514,515,516,512,0.5,0.5
198,180,518,519,520,521,517,0.5,0.5
193,371,523,524,525,526,522,0.5,0.5
69,446,528,529,530,531,527,0.5,0.5
197,356,533,534,535,536,532,0.5,0.5
128,304,538,539,540,541,537,0.5,0.5
217,281,543,544,545,546,542,0.5,0.5
204,515,548,549,550,551,547,0.5,0.5
178,355,553,554,555,556,552,0.5,0.5
220,9,558,559,560,561,557,0.5,0.5
158,265,563,564,565,566,562,0.5,0.5
210,239,568,569,570,571,567,0.5,0.5
212,215,573,574,575,576,572,0.5,0.5
219,416,578,579,580,581,577,0.155324,0.5
196,481,583,584,585,586,582,0.5,0.5
209,191,588,589,590,591,587,0.5,0.5
224,225,593,594,595,596,592,0.5,0.5
214,216,598,599,600,601,597,0.111909,0.5
194,55,603,604,605,606,602,0.5,0.5
227,363,608,609,610,611,607,0.5,0.5
228,274,613,614,615,616,612,0.5,0.5
221,240,618,619,620,621,617,0.5,0.5
229,230,623,624,625,626,622,0.5,0.5
157,160,628,629,630,631,627,0.266781,0.5
226,330,633,634,635,636,632,0.5,0.5
232,111,638,639,640,641,637,0.5,0.5
233,590,643,644,645,646,642,0.5,0.5
223,633,648,649,650,651,647,0.5,0.5
241,619,653,654,655,656,652,0.5,0.5
218,463,658,659,660,661,657,0.5,0.5
237,546,663,664,665,666,662,0.5,0.5
222,596,668,669,670,671,667,0.5,0.5
243,640,673,674,675,676,672,0.5,0.5
235,676,678,679,680,681,677,0.5,0.5
244,300,683,684,685,686,682,0.5,0.5
247,250,688,689,690,691,687,0.16778,0.5
242,246,693,694,695,696,692,0.5,0.5
253,549,698,699,700,701,697,0.5,0.5
254,690,703,704,705,706,702,0.5,0.5
252,256,708,709,710,711,707,0.5,0.5
262,566,713,714,715,716,712,0.5,0.5
144,361,718,719,720,721,717,0.5,0.5
248,534,723,724,725,726,722,0.5,0.5
249,245,728,729,730,731,727,0.313477,0.5
234,638,733,734,735,736,732,0.5,0.5
267,270,738,739,740,741,737,0.5,0.5
277,740,743,744,745,746,742,0.5,0.5
272,316,748,749,750,751,747,0.5,0.5
258,610,753,754,755,756,752,0.650519,0.5
259,390,758,759,760,761,757,0.5,0.5
264,105,763,764,765,766,762,0.5,0.5
271,512,768,769,770,771,767,0.5,0.5
279,742,773,774,775,776,772,0.5,0.5
278,548,778,779,780,781,777,0.5,0.5
283,284,783,784,785,786,782,0.397905,0.142936
287,290,788,789,790,791,787,0.5,0.5
293,417,793,794,795,796,792,0.5,0.102238
282,285,798,799,800,801,797,0.5,0.5
268,391,803,804,805,806,802,0.5,0.5
294,292,808,809,810,811,807,0.54853,0.5
299,301,813,814,815,816,812,0.5,0.43604
280,465,818,819,820,821,817,0.5,0.5
298,790,823,824,825,826,822,0.5,0.5
236,735,828,829,830,831,827,0.5,0.5
289,288,833,834,835,836,832,0.5,0.5
307,476,838,839,840,841,837,0.5,0.5
308,341,843,844,845,846,842,0.5,0.5
305,448,848,849,850,851,847,0.5,0.5
309,451,853,854,855,856,852,0.5,0.5
302,286,858,859,860,861,857,0.218278,0.5
314,751,863,864,865,866,862,0.5,0.5
312,864,868,869,870,871,867,0.5,0.548777
313,19,873,874,875,876,872,0.5,0.5
269,806,878,879,880,881,877,0.5,0.5
318,130,883,884,885,886,882,0.517688,0.5
303,849,888,889,890,891,887,0.5,0.5
317,131,893,894,895,896,892,0.5,0.5
321,320,898,899,900,901,897,0.5,0.330044
323,135,903,904,905,906,902,0.5,0.5
319,882,908,909,910,911,907,0.5,0.544146
322,519,913,914,915,916,912,0.5,0.5
329,636,918,919,920,921,917,0.5,0.5
332,461,923,924,925,926,922,0.5,0.5
297,812,928,929,930,931,927,0.5,0.5
336,925,933,934,935,936,932,0.5,0.5
328,405,938,939,940,941,937,0.394113,0.5
334,430,943,944,945,946,942,0.5,0.5
333,926,948,949,950,951,947,0.5,0.5
335,894,953,954,955,956,952,0.306529,0.545021
340,522,958,959,960,961,957,0.5,0.5
344,345,963,964,965,966,962,0.131691,0.5
347,578,968,969,970,971,967,0.5,0.5
343,785,973,974,975,976,972,0.5,0.5
349,441,978,979,980,981,977,0.5,0.5
324,518,983,984,985,986,982,0.5,0.5
339,338,988,989,990,991,987,0.5,0.5
353,535,993,994,995,996,992,0.5,0.5
354,556,998,999,1000,1001,997,0.656378,0.5
342,851,1003,1004,1005,1006,1002,0.5,0.5
357,486,1008,1009,1010,1011,1007,0.5,0.5
352,1000,1013,1014,1015,1016,1012,0.5,0.5
348,981,1018,1019,1020,1021,1017,0.5,0.5
364,647,1023,1024,1025,1026,1022,0.5,0.5
367,845,1028,1029,1030,1031,1027,0.5,0.5
359,1011,1033,1034,1035,1036,1032,0.5,0.5
369,151,1038,1039,1040,1041,1037,0.5,0.5
370,526,1043,1044,1045,1046,1042,0.5,0.5
365,396,1048,1049,1050,1051,1047,0.5,0.5
366,56,1053,1054,1055,1056,1052,0.5,0.5
368,1040,1058,1059,1060,1061,1057,0.5,0.5
372,373,1063,1064,1065,1066,1062,0.5,0.5
362,393,1068,1069,1070,1071,1067,0.5,0.5
374,375,1073,1074,1075,1076,1072,0.5,0.5
376,635,1078,1079,1080,1081,1077,0.5,0.5
382,155,1083,1084,1085,1086,1082,0.0759486,0.5
378,560,1088,1089,1090,1091,1087,0.5,0.5
377,689,1093,1094,1095,1096,1092,0.5,0.5
386,1084,1098,1099,1100,1101,1097,0.5,0.138537
379,795,1103,1104,1105,1106,1102,0.5,0.888771
389,761,1108,1109,1110,1111,1107,0.5,0.5
