Unique Index, Index, restlegth,isvisible(bool), isforbidden(bool), source vertex, target vertex
1,1,4.13036,0,1,8,12
2,2,4.13036,0,1,9,13
3,3,4,0,1,12,14
4,4,4,0,1,13,15
5,5,5.6,0,1,12,13
6,6,4,0,1,8,9
7,7,4.71634,0,1,8,10
8,8,4.71634,0,1,9,11
9,9,4,0,1,10,11
10,10,4.86621,0,1,11,15
11,11,4.86621,0,1,10,14
12,12,5.6,0,1,14,15
13,13,1.6,0,0,0,2
14,14,2.384,0,0,0,1
15,15,2.00707,0,0,0,10
16,16,2.63784,0,0,0,4
17,17,2.384,0,0,2,3
18,18,2.00707,0,0,2,11
19,19,2.63784,0,0,2,6
20,20,1.6,0,0,1,3
21,21,1.685,0,0,1,8
22,22,2.63784,0,0,1,5
23,23,1.685,0,0,3,9
24,24,2.63784,0,0,3,7
25,25,1.7266,0,0,7,13
26,26,1.7266,0,0,5,12
27,27,2.00707,0,0,4,14
28,28,2.384,0,0,4,5
29,29,2.384,0,0,6,7
30,30,3.2,0,0,4,6
31,31,3.2,0,0,5,7
32,32,2.00707,0,0,6,15
33,33,1.29732,0,0,16,17
34,20,0.8,0,0,1,16
35,20,0.8,0,0,3,16
36,9,1.94347,0,1,10,17
37,9,2.05653,0,1,11,17
38,38,1.71775,0,0,18,19
39,19,1.31892,0,0,2,18
40,19,1.31892,0,0,6,18
41,2,2.12618,1,1,9,19
42,2,2.00418,1,1,13,19
43,43,3.88785,0,0,20,21
44,25,1.37163,0,0,7,20
45,25,0.354978,0,0,13,20
46,17,1.192,0,0,2,21
47,17,1.192,0,0,3,21
48,48,2.53178,0,0,22,23
49,30,1.6,0,0,4,22
50,30,1.6,0,0,6,22
51,17,0.596,0,0,2,23
52,17,0.596,0,0,21,23
53,53,0.769975,0,0,24,25
54,21,0.842498,0,0,1,24
55,21,0.842498,0,0,8,24
56,7,0.675729,0,1,8,25
57,7,4.04062,0,1,10,25
58,58,0.838142,0,0,26,27
59,38,0.418468,0,0,18,26
60,38,1.29928,0,0,19,26
61,19,0.659459,0,0,2,27
62,19,0.659459,0,0,18,27
63,63,1.38898,0,0,28,29
64,13,0.8,0,0,0,28
65,13,0.8,0,0,2,28
66,7,1.24628,0,1,10,29
67,7,2.79434,0,1,25,29
68,68,0.720909,0,0,30,31
69,15,1.00353,0,0,0,30
70,15,1.00354,0,0,10,30
71,9,0.409087,0,1,10,31
72,9,1.53438,1,1,17,31
73,73,5.25697,0,0,32,33
74,32,1.00354,0,0,6,32
75,32,1.00354,0,0,15,32
76,26,0.863302,0,0,5,33
77,26,0.863302,0,0,12,33
78,78,1.99428,0,0,34,35
79,22,1.31892,0,0,1,34
80,22,1.31892,0,0,5,34
81,20,0.4,0,0,3,35
82,20,0.4,0,0,16,35
83,83,4.03687,0,0,36,37
84,33,0.648658,0,0,16,36
85,33,0.648658,0,0,17,36
86,18,1.00353,0,0,2,37
87,18,1.00354,0,0,11,37
88,88,0.910538,0,0,38,39
89,38,0.649639,0,0,19,38
90,38,0.649639,0,0,26,38
91,58,0.419071,0,0,26,39
92,58,0.419071,0,0,27,39
93,93,1.57624,0,0,40,41
94,31,1.6,0,0,5,40
95,31,1.6,0,0,7,40
96,4,1.48396,0,1,13,41
97,4,2.51604,1,1,15,41
98,98,0.720329,0,0,42,43
99,23,0.842498,0,0,3,42
100,23,0.842498,0,0,9,42
101,10,2.09317,1,1,11,43
102,10,2.77304,0,1,15,43
103,103,2.60871,0,0,44,45
104,14,1.192,0,0,0,44
105,14,1.192,0,0,1,44
106,24,1.31892,0,0,3,45
107,24,1.31892,0,0,7,45
108,108,3.5972,0,0,46,47
109,15,0.501767,0,0,10,46
110,15,0.501768,0,0,30,46
111,22,0.659459,0,0,1,47
112,22,0.659459,0,0,34,47
113,113,0.925662,0,0,48,49
114,15,0.501767,0,0,0,48
115,15,0.501767,0,0,30,48
116,108,1.7986,0,0,46,49
117,108,1.7986,0,0,47,49
118,118,1.13256,0,0,50,51
119,43,1.94392,0,0,20,50
120,43,1.94392,0,0,21,50
121,4,0.492394,0,1,13,51
122,4,0.991563,0,1,41,51
123,123,0.194673,0,0,52,53
124,53,0.544678,0,0,24,52
125,53,0.225297,0,0,25,52
126,7,0.675729,0,1,8,53
127,7,0,1,1,25,53
128,128,2.3568,0,0,54,55
129,13,0.4,0,0,2,54
130,13,0.4,0,0,28,54
131,24,0.247132,0,0,3,55
132,24,1.07179,0,0,45,55
133,133,1.83511,0,0,56,57
134,17,0.298,0,0,21,56
135,17,0.298,0,0,23,56
136,14,0.596,0,0,1,57
137,14,0.596,0,0,44,57
138,138,0.954506,0,0,58,59
139,25,0.685813,0,0,7,58
140,25,0.685813,0,0,20,58
141,3,1.87126,0,1,12,59
142,3,2.12874,1,1,14,59
143,143,1.71247,0,0,60,61
144,19,0.659459,0,0,6,60
145,19,0.659459,0,0,18,60
146,17,0.298,0,0,2,61
147,17,0.298,0,0,23,61
148,148,0.33471,0,0,62,63
149,27,1.66968,0,0,4,62
150,27,0.337395,0,0,14,62
151,1,2.50809,1,1,8,63
152,1,1.62227,0,1,12,63
153,153,1.66979,0,0,64,65
154,17,0.596,0,0,3,64
155,17,0.596,0,0,21,64
156,7,0.382423,0,1,8,65
157,7,0.293305,0,1,53,65
158,158,4.29464,0,0,66,67
159,18,0.501767,0,0,2,66
160,18,0.501768,0,0,37,66
161,21,0.421249,0,0,8,67
162,21,0.421249,0,0,24,67
163,163,3.41868,0,0,68,69
164,30,0.8,0,0,4,68
165,30,0.8,0,0,22,68
166,20,0.188039,0,0,3,69
167,20,0.211961,0,0,35,69
168,168,1.69457,0,0,70,71
169,29,1.192,0,0,6,70
170,29,1.192,0,0,7,70
171,38,0.209234,0,0,18,71
172,38,0.209234,0,0,26,71
173,173,2.27532,0,0,72,73
174,38,0.32482,0,0,19,72
175,38,0.32482,0,0,38,72
176,18,0.501768,0,0,11,73
177,18,0.501768,0,0,37,73
178,178,2.26515,0,0,74,75
179,30,0.8,0,0,6,74
180,30,0.8,0,0,22,74
181,5,3.64019,0,1,12,75
182,5,1.95981,1,1,13,75
183,183,0.305596,0,0,76,77
184,98,0.360164,0,0,42,76
185,98,0.360164,0,0,43,76
186,8,0.675729,1,1,9,77
187,8,4.04062,0,1,11,77
188,188,0.96168,0,0,78,79
189,33,0.324329,0,0,16,78
190,33,0.324329,0,0,36,78
191,7,0.121491,0,1,53,79
192,7,0.171814,1,1,65,79
193,193,1.71418,0,0,80,81
194,16,1.31892,0,0,0,80
195,16,1.31892,0,0,4,80
196,7,0.546804,0,1,10,81
197,7,0.699474,0,1,29,81
198,198,1.44289,0,0,82,83
199,31,0.694129,0,0,7,82
200,31,0.905871,0,0,40,82
201,4,0.23268,1,1,13,83
202,4,0.259714,0,1,51,83
203,203,0.172911,0,0,84,85
204,93,1.36814,0,0,40,84
205,93,0.208103,0,0,41,84
206,4,0.212518,1,1,51,85
207,4,0.0471959,0,1,83,85
208,208,1.54335,0,0,86,87
209,20,0.4,0,0,1,86
210,20,0.4,0,0,16,86
211,23,0.370027,0,0,3,87
212,23,0.472471,0,0,42,87
213,213,0.313494,0,0,88,89
214,68,0.360454,0,0,30,88
215,68,0.360454,0,0,31,88
216,9,0.409087,1,1,10,89
217,9,0,1,1,31,89
218,218,1.91696,0,0,90,91
219,26,0.431651,0,0,12,90
220,26,0.431651,0,0,33,90
221,31,0.8,0,0,5,91
222,31,0.8,0,0,40,91
223,223,0.355326,0,0,92,93
224,58,0.209535,0,0,26,92
225,58,0.209535,0,0,39,92
226,58,0.209536,0,0,27,93
227,58,0.209535,0,0,39,93
228,228,1.02605,0,0,94,95
229,83,2.26801,0,0,36,94
230,83,1.76886,0,0,37,94
231,9,1.03033,0,1,11,95
232,9,1.0262,1,1,17,95
233,233,1.02736,0,0,96,97
234,48,1.26589,0,0,22,96
235,48,1.26589,0,0,23,96
236,19,0.32973,0,0,18,97
237,19,0.32973,0,0,27,97
238,238,3.10884,0,0,98,99
239,23,0.287384,0,0,9,98
240,23,0.555114,0,0,42,98
241,14,0.298,0,0,44,99
242,14,0.298,0,0,57,99
243,243,0.17875,0,0,100,101
244,38,0.32482,0,0,26,100
245,38,0.32482,0,0,38,100
246,88,0.455269,0,0,38,101
247,88,0.455269,0,0,39,101
248,248,2.32217,0,0,102,103
249,26,0.431651,0,0,5,102
250,26,0.431651,0,0,33,102
251,16,0.659459,0,0,4,103
252,16,0.659459,0,0,80,103
253,253,1.17917,0,0,104,105
254,103,1.30436,0,0,44,104
255,103,1.30436,0,0,45,104
256,20,0.2,0,0,1,105
257,20,0.2,0,0,86,105
258,258,0.460456,0,0,106,107
259,118,0.566278,0,0,50,106
260,118,0.566278,0,0,51,106
261,10,1.45788,1,1,15,107
262,10,1.31517,0,1,43,107
263,263,1.02543,0,0,108,109
264,113,0.462831,0,0,48,108
265,113,0.462831,0,0,49,108
266,15,0.250884,0,0,30,109
267,15,0.250884,0,0,46,109
268,268,0.281719,0,0,110,111
269,32,0.232351,0,0,15,110
270,32,0.771184,0,0,32,110
271,4,0.0227228,1,1,83,111
272,4,0.024473,1,1,85,111
273,273,0.621679,0,0,112,113
274,63,0.694491,0,0,28,112
275,63,0.694491,0,0,29,112
276,7,0.059583,0,1,53,113
277,7,0.0619081,0,1,79,113
278,278,2.70495,0,0,114,115
279,73,2.62849,0,0,32,114
280,73,2.62849,0,0,33,114
281,3,1.02041,1,1,12,115
282,3,0.850857,0,1,59,115
283,283,1.63223,0,0,116,117
284,22,0.659459,0,0,5,116
285,22,0.659459,0,0,34,116
286,7,0.178688,0,1,8,117
287,7,0.203736,1,1,65,117
288,288,0.586001,0,0,118,119
289,53,0.191636,0,0,24,118
290,53,0.353042,0,0,52,118
291,21,0.421249,0,0,1,119
292,21,0.421249,0,0,24,119
293,293,0.841711,0,0,120,121
294,108,0.899299,0,0,46,120
295,108,0.899299,0,0,49,120
296,11,0.880333,0,1,10,121
297,11,3.98588,1,1,14,121
298,298,1.0011,0,0,122,123
299,13,0.4,0,0,0,122
300,13,0.4,0,0,28,122
301,13,0.2,0,0,2,123
302,13,0.2,0,0,54,123
303,303,1.79953,0,0,124,125
304,78,0.997139,0,0,34,124
305,78,0.997139,0,0,35,124
306,31,0.4,0,0,5,125
307,31,0.4,0,0,91,125
308,308,0.101995,0,0,126,127
309,53,0.112648,0,0,25,126
310,53,0.112648,0,0,52,126
311,7,0.331038,1,1,29,127
312,7,0.368436,1,1,81,127
313,313,1.48931,0,0,128,129
314,28,1.192,0,0,4,128
315,28,1.192,0,0,5,128
316,7,0.0274939,0,1,53,129
317,7,0.0320891,1,1,113,129
318,318,2.32659,0,0,130,131
319,24,0.659459,0,0,7,130
320,24,0.659459,0,0,45,130
321,98,0.125825,0,0,42,131
322,98,0.23434,0,0,76,131
323,323,1.40893,0,0,132,133
324,43,0.971962,0,0,21,132
325,43,0.971962,0,0,50,132
326,10,1.01338,1,1,43,133
327,10,0.301783,0,1,107,133
328,328,1.64973,0,0,134,135
329,22,0.32973,0,0,34,134
330,22,0.32973,0,0,47,134
331,1,0.569146,1,1,12,135
332,1,1.05312,1,1,63,135
333,333,1.21481,0,0,136,137
334,13,0.2,0,0,28,136
335,13,0.2,0,0,54,136
336,9,0.761204,1,1,11,137
337,9,0.269126,0,1,95,137
338,338,0.408738,0,0,138,139
339,138,0.477253,0,0,58,138
340,138,0.477253,0,0,59,138
341,5,2.52299,1,1,12,139
342,5,1.1172,1,1,75,139
343,343,2.30619,0,0,140,141
344,25,0.342907,0,0,7,140
345,25,0.342907,0,0,58,140
346,30,0.4,0,0,6,141
347,30,0.4,0,0,74,141
348,348,1.29627,0,0,142,143
349,15,0.250884,0,0,0,142
350,15,0.250884,0,0,48,142
351,7,0.204541,1,1,10,143
352,7,0.342263,0,1,81,143
353,353,0.312537,0,0,144,145
354,33,0.324329,0,0,17,144
355,33,0.324329,0,0,36,144
356,7,0.0059791,0,1,53,145
357,7,0.0215148,1,1,129,145
358,358,0.378254,0,0,146,147
359,20,0.2,0,0,16,146
360,20,0.2,0,0,35,146
361,208,0.925169,0,0,86,147
362,208,0.618179,0,0,87,147
363,363,1.29767,0,0,148,149
364,128,1.1784,0,0,54,148
365,128,1.1784,0,0,55,148
366,13,0.2,0,0,28,149
367,13,0.2,0,0,122,149
368,368,1.45732,0,0,150,151
369,14,0.596,0,0,0,150
370,14,0.596,0,0,44,150
371,9,0.15765,1,1,95,151
372,9,0.111476,1,1,137,151
373,373,2.23097,0,0,152,153
374,17,0.149,0,0,23,152
375,17,0.149,0,0,56,152
376,30,0.4,0,0,22,153
377,30,0.4,0,0,68,153
378,378,1.49609,0,0,154,155
379,19,0.32973,0,0,6,154
380,19,0.32973,0,0,60,154
381,29,0.596,0,0,7,155
382,29,0.596,0,0,70,155
383,383,1.07022,0,0,156,157
384,24,0.535893,0,0,45,156
385,24,0.535893,0,0,55,156
386,23,0.248847,0,0,42,157
387,23,0.223624,0,0,87,157
388,388,1.103,0,0,158,159
389,17,0.149,0,0,23,158
390,17,0.149,0,0,61,158
391,17,0.298,0,0,21,159
392,17,0.298,0,0,64,159
393,393,1.52957,0,0,160,161
394,19,0.32973,0,0,18,160
395,19,0.32973,0,0,60,160
396,10,0.1593,1,1,107,161
397,10,0.142483,1,1,133,161
398,398,1.15941,0,0,162,163
399,133,0.917555,0,0,56,162
400,133,0.917555,0,0,57,162
401,20,0.1,0,0,1,163
402,20,0.1,0,0,105,163
403,403,0.797372,0,0,164,165
404,15,0.250884,0,0,30,164
405,15,0.250884,0,0,48,164
406,11,0.880333,1,1,10,165
407,11,0,1,1,121,165
408,408,1.47939,0,0,166,167
409,22,0.32973,0,0,1,166
410,22,0.32973,0,0,47,166
411,7,0.074015,1,1,8,167
412,7,0.104673,0,1,117,167
413,413,3.35856,0,0,168,169
414,25,0.177489,0,0,13,168
415,25,0.177489,0,0,20,168
416,383,0.535108,0,0,156,169
417,383,0.535108,0,0,157,169
418,418,0.341195,0,0,170,171
419,143,0.856235,0,0,60,170
420,143,0.856235,0,0,61,170
421,19,0.164865,0,0,18,171
422,19,0.164865,0,0,97,171
423,423,0.668175,0,0,172,173
424,158,3.96545,0,0,66,172
425,158,0.329193,0,0,67,172
426,8,2.84332,1,1,11,173
427,8,1.1973,0,1,77,173
428,428,0.276426,0,0,174,175
429,19,0.32973,0,0,2,174
430,19,0.32973,0,0,27,174
431,17,0.149,0,0,2,175
432,17,0.149,0,0,61,175
433,433,0.972767,0,0,176,177
434,32,0.501767,0,0,6,176
435,32,0.501768,0,0,32,176
436,19,0.164865,0,0,60,177
437,19,0.164865,0,0,154,177
438,438,1.00153,0,0,178,179
439,15,0.250884,0,0,10,178
440,15,0.250884,1,0,46,178
441,15,0.125442,1,0,30,179
442,15,0.125442,0,0,164,179
443,443,0.948964,1,0,180,181
444,108,0.899299,1,0,47,180
445,108,0.899299,1,0,49,180
446,22,0.164865,0,0,47,181
447,22,0.164865,1,0,134,181
448,448,1.66453,1,0,182,183
449,43,0.371033,1,0,20,182
450,43,1.57289,1,0,50,182
451,43,0.485981,1,0,50,183
452,43,0.485981,1,0,132,183
453,453,0.0447583,1,0,184,185
454,123,0.0973364,0,0,52,184
455,123,0.0973365,1,0,53,184
456,53,0.0563242,1,0,52,185
457,53,0.0563242,0,0,126,185
458,458,0.314398,1,0,186,187
459,24,0.123566,1,0,3,186
460,24,0.123566,0,0,55,186
461,20,0.105981,0,0,35,187
462,20,0.105981,1,0,69,187
463,463,0.273867,1,0,188,189
464,17,0.149,1,0,21,188
465,17,0.149,1,0,56,188
466,17,0.149,1,0,21,189
467,17,0.149,1,0,159,189
468,468,1.5389,1,0,190,191
469,14,0.298,0,0,1,190
470,14,0.298,0,0,57,190
471,14,0.298,1,0,0,191
472,14,0.298,1,0,150,191
473,473,0.919532,0,0,192,193
474,25,0.342907,1,0,20,192
475,25,0.342907,1,0,58,192
476,25,0.171453,1,0,7,193
477,25,0.171453,0,0,140,193
478,478,0,1,0,194,195
479,148,0.167355,0,0,62,194
480,148,0.167355,1,0,63,194
481,27,0.168697,0,0,14,195
482,27,0.168697,0,0,62,195
483,483,0.267664,1,0,196,197
484,6,0,1,1,8,196
485,6,4,1,1,9,196
486,21,0.201671,1,0,8,197
487,21,0.219578,0,0,67,197
488,488,0.177463,1,0,198,199
489,12,5.6,1,1,14,198
490,12,0,1,1,15,198
491,32,0.116176,1,0,15,199
492,32,0.116176,0,0,110,199
493,493,3.35848,1,0,200,201
494,27,0.834838,1,0,4,200
495,27,0.834838,1,0,62,200
496,15,0.125442,1,0,48,201
497,15,0.125442,1,0,142,201
498,498,1.22307,1,0,202,203
499,153,0.834894,1,0,64,202
500,153,0.834894,1,0,65,202
501,23,0.143692,1,0,9,203
502,23,0.143692,1,0,98,203
503,503,1.62028,1,0,204,205
504,17,0.298,1,0,3,204
505,17,0.298,1,0,64,204
506,17,0.0745,1,0,61,205
507,17,0.0745,1,0,175,205
508,508,1.36327,0,0,206,207
509,18,0.250884,0,0,2,206
510,18,0.250884,0,0,66,206
511,19,0.0824324,1,0,18,207
512,19,0.0824324,1,0,171,207
513,513,0.667611,1,0,208,209
514,18,0.250884,1,0,37,208
515,18,0.250884,1,0,66,208
516,18,0.250884,0,0,37,209
517,18,0.250884,1,0,73,209
518,518,1.19577,1,0,210,211
519,21,0.210624,1,0,24,210
520,21,0.210624,1,0,67,210
521,22,0.164865,1,0,47,211
522,22,0.164865,1,0,166,211
523,523,1.07396,1,0,212,213
524,163,1.70934,1,0,68,212
525,163,1.70934,1,0,69,212
526,17,0.0745,1,0,56,213
527,17,0.0745,1,0,152,213
528,528,0.630113,1,0,214,215
529,30,0.4,1,0,4,214
530,30,0.4,1,0,68,214
531,28,0.596,1,0,4,215
532,28,0.596,1,0,128,215
533,533,0.262292,1,0,216,217
534,20,0.0940193,1,0,3,216
535,20,0.0940193,1,0,69,216
536,20,0.0529904,1,0,35,217
537,20,0.0529903,1,0,187,217
538,538,0.646475,0,0,218,219
539,168,0.847285,1,0,70,218
540,168,0.847285,1,0,71,218
541,38,0.104617,1,0,18,219
542,38,0.104617,1,0,71,219
543,543,2.01133,1,0,220,221
544,29,0.596,1,0,6,220
545,29,0.596,1,0,70,220
546,30,0.2,1,0,68,221
547,30,0.2,1,0,153,221
548,548,2.71891,0,0,222,223
549,38,0.104617,1,0,26,222
550,38,0.104617,1,0,71,222
551,473,0.459766,1,0,192,223
552,473,0.459766,1,0,193,223
553,553,1.52005,1,0,224,225
554,173,1.13766,0,0,72,224
555,173,1.13766,1,0,73,224
556,18,0.125442,1,0,66,225
557,18,0.125442,1,0,206,225
558,558,0.668972,1,0,226,227
559,38,0.16241,1,0,19,226
560,38,0.16241,1,0,72,226
561,173,0.568829,1,0,72,227
562,173,0.568829,1,0,224,227
563,563,1.8441,1,0,228,229
564,38,0.16241,1,0,38,228
565,38,0.16241,1,0,72,228
566,548,1.35946,1,0,222,229
567,548,1.35946,1,0,223,229
568,568,0.953692,0,0,230,231
569,18,0.250884,0,0,11,230
570,18,0.250884,1,0,73,230
571,18,0.125442,1,0,37,231
572,18,0.125442,1,0,209,231
573,573,1.89329,1,0,232,233
574,178,1.13258,0,0,74,232
575,178,1.13258,1,0,75,232
576,30,0.2,1,0,22,233
577,30,0.2,1,0,153,233
578,578,2.06182,1,0,234,235
579,30,0.4,1,0,22,234
580,30,0.4,1,0,74,234
581,16,0.32973,1,0,4,235
582,16,0.32973,0,0,103,235
583,583,0.160022,1,0,236,237
584,183,0.152798,0,0,76,236
585,183,0.152798,1,0,77,236
586,8,0,0,1,77,237
587,8,1.1973,1,1,173,237
588,588,1.69154,1,0,238,239
589,98,0.180082,1,0,43,238
590,98,0.180082,1,0,76,238
591,318,0.809426,1,0,130,239
592,318,1.51716,0,0,131,239
593,593,0.328556,1,0,240,241
594,188,0.48084,0,0,78,240
595,188,0.48084,1,0,79,240
596,33,0.162164,1,0,36,241
597,33,0.162165,1,0,78,241
598,598,0.795974,1,0,242,243
599,33,0.162165,1,0,16,242
600,33,0.162165,1,0,78,242
601,83,1.13401,1,0,36,243
602,83,1.13401,1,0,94,243
603,603,3.287,1,0,244,245
604,193,0.857092,0,0,80,244
605,193,0.857092,1,0,81,244
606,26,0.312061,0,0,33,245
607,26,0.11959,0,0,90,245
608,608,2.7481,1,0,246,247
609,16,0.659459,1,0,0,246
610,16,0.659459,1,0,80,246
611,30,0.2,1,0,74,247
612,30,0.2,1,0,141,247
613,613,2.28819,1,0,248,249
614,198,0.721445,1,0,82,248
615,198,0.721445,1,0,83,248
616,25,0.0887445,1,0,13,249
617,25,0.0887446,1,0,168,249
618,618,0.840445,1,0,250,251
619,31,0.0700891,1,0,7,250
620,31,0.62404,0,0,82,250
621,29,0.298,1,0,70,251
622,29,0.298,1,0,155,251
623,623,0.775607,1,0,252,253
624,31,0.452935,1,0,40,252
625,31,0.452935,1,0,82,252
626,31,0.4,1,0,40,253
627,31,0.4,1,0,91,253
628,628,0,1,0,254,255
629,203,0.0864557,1,0,84,254
630,203,0.0864555,1,0,85,254
631,93,0.104051,1,0,41,255
632,93,0.104051,0,0,84,255
633,633,0.584328,1,0,256,257
634,93,0.684068,1,0,40,256
635,93,0.684068,1,0,84,256
636,93,0.0520259,1,0,84,257
637,93,0.0520256,1,0,255,257
638,638,1.33072,1,0,258,259
639,20,0.2,1,0,16,258
640,20,0.2,1,0,86,258
641,24,0.267947,0,0,45,259
642,24,0.267947,1,0,156,259
643,643,0.353367,1,0,260,261
644,23,0.185013,1,0,3,260
645,23,0.185013,1,0,87,260
646,24,0.0617831,0,0,55,261
647,24,0.0617831,1,0,186,261
648,648,0,1,0,262,263
649,213,0.156747,0,0,88,262
650,213,0.156747,1,0,89,262
651,68,0.180227,1,0,31,263
652,68,0.180227,1,0,88,263
653,653,0.213048,1,0,264,265
654,68,0.180227,1,0,30,264
655,68,0.180227,1,0,88,264
656,213,0.0783736,1,0,88,265
657,213,0.0783734,1,0,262,265
658,658,0.400775,1,0,266,267
659,218,0.958479,0,0,90,266
660,218,0.958479,1,0,91,266
661,26,0.215826,1,0,33,267
662,26,0.215826,1,0,102,267
663,663,0.500994,1,0,268,269
664,26,0.215826,1,0,12,268
665,26,0.215826,1,0,90,268
666,26,0.0597951,1,0,90,269
667,26,0.0597951,1,0,245,269
668,668,0.0845355,1,0,270,271
669,223,0.177663,0,0,92,270
670,223,0.177663,1,0,93,270
671,58,0.104768,1,0,39,271
672,58,0.104768,0,0,93,271
673,673,0.172896,1,0,272,273
674,58,0.104768,1,0,26,272
675,58,0.104768,0,0,92,272
676,223,0.0888316,1,0,92,273
677,223,0.0888316,1,0,270,273
678,678,0.388062,1,0,274,275
679,58,0.104768,1,0,39,274
680,58,0.104768,1,0,92,274
681,243,0.089375,1,0,100,275
682,243,0.0893748,1,0,101,275
683,683,2.31874,1,0,276,277
684,58,0.104768,1,0,27,276
685,58,0.104768,1,0,93,276
686,32,0.250884,1,0,32,277
687,32,0.250884,1,0,176,277
688,688,2.54242,0,0,278,279
689,228,0.513024,1,0,94,278
690,228,0.513024,1,0,95,278
691,33,0.162164,1,0,17,279
692,33,0.162165,1,0,144,279
693,693,1.36879,1,0,280,281
694,83,0.884429,1,0,37,280
695,83,0.884429,1,0,94,280
696,568,0.476846,1,0,230,281
697,568,0.476846,1,0,231,281
698,698,0.434156,1,0,282,283
699,233,0.51368,0,0,96,282
700,233,0.51368,1,0,97,282
701,19,0.164865,0,0,27,283
702,19,0.164865,0,0,97,283
703,703,0.667552,1,0,284,285
704,48,0.632944,1,0,22,284
705,48,0.632944,1,0,96,284
706,233,0.25684,1,0,96,285
707,233,0.25684,1,0,282,285
708,708,0.538255,1,0,286,287
709,48,0.632944,1,0,23,286
710,48,0.632944,1,0,96,286
711,373,1.11549,1,0,152,287
712,373,1.11549,1,0,153,287
713,713,0.929146,1,0,288,289
714,238,1.28864,1,0,98,288
715,238,1.8202,1,0,99,288
716,20,0.1,1,0,35,289
717,20,0.1,1,0,146,289
718,718,0.370978,1,0,290,291
719,23,0.277557,1,0,42,290
720,23,0.277557,1,0,98,290
721,183,0.076399,1,0,76,291
722,183,0.076399,1,0,236,291
723,723,0.230191,1,0,292,293
724,14,0.149,0,0,44,292
725,14,0.149,1,0,99,292
726,14,0.149,1,0,57,293
727,14,0.149,0,0,99,293
728,728,0.23682,1,0,294,295
729,38,0.16241,1,0,26,294
730,38,0.16241,1,0,100,294
731,58,0.0523839,1,0,92,295
732,58,0.0523839,1,0,272,295
733,733,0.0718457,1,0,296,297
734,38,0.16241,1,0,38,296
735,38,0.16241,1,0,100,296
736,88,0.227635,1,0,38,297
737,88,0.227635,0,0,101,297
738,738,0.327797,1,0,298,299
739,88,0.227634,1,0,39,298
740,88,0.227635,1,0,101,298
741,58,0.052384,1,0,93,299
742,58,0.0523838,1,0,271,299
743,743,0.961176,1,0,300,301
744,248,1.16108,1,0,102,300
745,248,1.16108,1,0,103,300
746,16,0.164865,0,0,103,301
747,16,0.164865,1,0,235,301
748,748,0.570114,1,0,302,303
749,26,0.215826,1,0,5,302
750,26,0.215825,1,0,102,302
751,31,0.2,1,0,91,303
752,31,0.2,0,0,125,303
753,753,0.37025,1,0,304,305
754,16,0.32973,1,0,80,304
755,16,0.32973,1,0,103,304
756,16,0.0824324,1,0,103,305
757,16,0.0824324,1,0,301,305
758,758,0.398544,1,0,306,307
759,253,0.589585,1,0,104,306
760,253,0.589584,1,0,105,306
761,20,0.1,1,0,86,307
762,20,0.1,1,0,105,307
763,763,1.02409,1,0,308,309
764,103,0.652178,1,0,44,308
765,103,0.652178,1,0,104,308
766,103,0.652178,1,0,45,309
767,103,0.652178,1,0,104,309
768,768,0.205758,1,0,310,311
769,258,0.230228,1,0,106,310
770,258,0.230228,1,0,107,310
771,4,0.991563,1,1,41,311
772,4,0,1,1,51,311
773,773,0.415185,1,0,312,313
774,118,0.283139,0,0,50,312
775,118,0.283139,1,0,106,312
776,118,0.283139,1,0,51,313
777,118,0.283139,1,0,106,313
778,778,0.461294,1,0,314,315
779,263,0.512715,1,0,108,314
780,263,0.512715,1,0,109,314
781,108,0.44965,0,0,49,315
782,108,0.44965,1,0,120,315
783,783,0.347757,1,0,316,317
784,113,0.231415,1,0,48,316
785,113,0.231415,1,0,108,316
786,113,0.231415,1,0,49,317
787,113,0.231415,1,0,108,317
788,788,0.227971,1,0,318,319
789,15,0.125442,1,0,30,318
790,15,0.125442,1,0,109,318
791,15,0.125442,0,0,46,319
792,15,0.125442,1,0,109,319
793,793,2.8484,1,0,320,321
794,268,0.14086,1,0,110,320
795,268,0.14086,1,0,111,320
796,88,0.113817,1,0,101,321
797,88,0.113817,1,0,297,321
798,798,0.562659,1,0,322,323
799,32,0.385592,1,0,32,322
800,32,0.385592,1,0,110,322
801,32,0.0580878,1,0,110,323
802,32,0.0580879,1,0,199,323
803,803,0.281115,1,0,324,325
804,273,0.310839,1,0,112,324
805,273,0.31084,1,0,113,324
806,7,0.00293234,1,1,53,325
807,7,0.00304676,1,1,145,325
808,808,0.594714,1,0,326,327
809,63,0.347245,1,0,28,326
810,63,0.347245,1,0,112,326
811,63,0.347245,1,0,29,327
812,63,0.347245,1,0,112,327
813,813,2.28512,1,0,328,329
814,278,1.35247,1,0,114,328
815,278,1.35247,1,0,115,328
816,26,0.15603,1,0,33,329
817,26,0.156031,1,0,245,329
818,818,2.19005,1,0,330,331
819,73,1.31424,1,0,32,330
820,73,1.31424,1,0,114,330
821,73,1.31424,1,0,33,331
822,73,1.31424,1,0,114,331
823,823,1.51843,1,0,332,333
824,283,0.816117,1,0,116,332
825,283,0.816117,1,0,117,332
826,22,0.0824324,1,0,47,333
827,22,0.0824324,1,0,181,333
828,828,3.3422,1,0,334,335
829,22,0.32973,0,0,5,334
830,22,0.32973,0,0,116,334
831,19,0.164865,1,0,60,335
832,19,0.164865,1,0,160,335
833,833,0.456432,1,0,336,337
834,22,0.32973,1,0,34,336
835,22,0.32973,1,0,116,336
836,22,0.164865,1,0,34,337
837,22,0.164865,1,0,134,337
838,838,0.0916318,1,0,338,339
839,288,0.249472,1,0,118,338
840,288,0.33653,1,0,119,338
841,21,0.166447,1,0,24,339
842,21,0.254802,1,0,119,339
843,843,0.458266,1,0,340,341
844,53,0.0958178,1,0,24,340
845,53,0.0958178,1,0,118,340
846,123,0.0486683,0,0,52,341
847,123,0.0486681,1,0,184,341
848,848,0.258443,1,0,342,343
849,53,0.253736,1,0,52,342
850,53,0.0993063,1,0,118,342
851,123,0.0243341,1,0,52,343
852,123,0.0243342,1,0,341,343
853,853,4.98255,1,0,344,345
854,21,0.210624,1,0,1,344
855,21,0.210624,1,0,119,344
856,148,0.0836775,1,0,62,345
857,148,0.0836775,1,0,194,345
858,858,0.910356,1,0,346,347
859,293,0.420856,0,0,120,346
860,293,0.420856,1,0,121,346
861,108,0.224825,1,0,49,347
862,108,0.224825,1,0,315,347
863,863,0.303869,1,0,348,349
864,108,0.44965,1,0,46,348
865,108,0.44965,1,0,120,348
866,15,0.062721,1,0,46,349
867,15,0.062721,1,0,319,349
868,868,0.313435,1,0,350,351
869,298,0.500549,0,0,122,350
870,298,0.500549,1,0,123,350
871,13,0.0999999,1,0,28,351
872,13,0.1,1,0,136,351
873,873,2.38651,1,0,352,353
874,13,0.2,1,0,0,352
875,13,0.2,1,0,122,352
876,24,0.267947,0,0,55,353
877,24,0.267947,1,0,156,353
878,878,0.483981,0,0,354,355
879,13,0.1,1,0,2,354
880,13,0.1,1,0,123,354
881,128,0.5892,1,0,54,355
882,128,0.5892,1,0,148,355
883,883,0.230071,1,0,356,357
884,13,0.0999999,1,0,54,356
885,13,0.1,1,0,123,356
886,13,0.1,1,0,54,357
887,13,0.1,1,0,136,357
888,888,1.83085,1,0,358,359
889,303,0.899764,1,0,124,358
890,303,0.899764,1,0,125,358
891,24,0.133973,1,0,55,359
892,24,0.133973,1,0,353,359
893,893,0.778255,1,0,360,361
894,78,0.498569,1,0,34,360
895,78,0.498569,1,0,124,360
896,78,0.498569,1,0,35,361
897,78,0.498569,1,0,124,361
898,898,2.1722,1,0,362,363
899,31,0.2,1,0,5,362
900,31,0.2,1,0,125,362
901,31,0.31202,1,0,82,363
902,31,0.31202,1,0,250,363
903,903,0.0464887,1,0,364,365
904,308,0.0509973,1,0,126,364
905,308,0.0509973,1,0,127,364
906,7,0,1,1,25,365
907,7,2.79434,1,1,29,365
908,908,0.0762765,1,0,366,367
909,53,0.0563242,1,0,25,366
910,53,0.0563242,1,0,126,366
911,53,0.028162,1,0,126,367
912,53,0.0281622,1,0,185,367
913,913,1.38326,1,0,368,369
914,313,0.744653,1,0,128,368
915,313,0.744653,1,0,129,368
916,22,0.164865,1,0,5,369
917,22,0.164865,1,0,334,369
918,918,3.04521,1,0,370,371
919,28,0.596,1,0,5,370
920,28,0.596,1,0,128,370
921,27,0.0843487,1,0,14,371
922,27,0.0843486,1,0,195,371
923,923,2.17512,1,0,372,373
924,24,0.32973,0,0,7,372
925,24,0.32973,1,0,130,372
926,31,0.1,1,0,125,373
927,31,0.1,1,0,303,373
928,928,0.391418,1,0,374,375
929,24,0.32973,1,0,45,374
930,24,0.32973,1,0,130,374
931,24,0.133973,1,0,45,375
932,24,0.133973,1,0,259,375
933,933,1.18401,1,0,376,377
934,98,0.0629123,1,0,42,376
935,98,0.0629124,1,0,131,376
936,24,0.0308916,1,0,55,377
937,24,0.0308915,1,0,261,377
938,938,0.683511,1,0,378,379
939,98,0.11717,1,0,76,378
940,98,0.11717,1,0,131,378
941,318,0.75858,1,0,131,379
942,318,0.758581,1,0,239,379
943,943,0.555594,1,0,380,381
944,323,0.704465,0,0,132,380
945,323,0.704465,1,0,133,380
946,118,0.141569,1,0,50,381
947,118,0.141569,1,0,312,381
948,948,0.665461,0,0,382,383
949,43,0.485981,1,0,21,382
950,43,0.485981,1,0,132,382
951,323,0.352233,1,0,132,383
952,323,0.352232,1,0,380,383
953,953,1.53165,1,0,384,385
954,328,0.824866,1,0,134,384
955,328,0.824866,1,0,135,384
956,21,0.142032,1,0,67,385
957,21,0.0775458,1,0,197,385
958,958,1.07734,1,0,386,387
959,333,0.607406,0,0,136,386
960,333,0.607406,1,0,137,386
961,18,0.125442,1,0,2,387
962,18,0.125442,1,0,206,387
963,963,0.192436,1,0,388,389
964,338,0.204369,1,0,138,388
965,338,0.204369,1,0,139,388
966,3,0,1,1,59,389
967,3,0.850857,1,1,115,389
968,968,0.413986,1,0,390,391
969,138,0.238626,1,0,58,390
970,138,0.238627,1,0,138,390
971,138,0.238626,1,0,59,391
972,138,0.238627,1,0,138,391
973,973,0.925078,1,0,392,393
974,343,1.1531,1,0,140,392
975,343,1.1531,1,0,141,392
976,30,0.2,1,0,6,393
977,30,0.2,1,0,141,393
978,978,0.280195,1,0,394,395
979,25,0.171453,0,0,58,394
980,25,0.171453,1,0,140,394
981,25,0.0857267,1,0,140,395
982,25,0.0857267,1,0,193,395
983,983,0.561687,1,0,396,397
984,348,0.648136,1,0,142,396
985,348,0.648137,1,0,143,396
986,7,0.342263,1,1,81,397
987,7,0,1,1,143,397
988,988,1.21444,1,0,398,399
989,15,0.125442,1,0,0,398
990,15,0.125442,1,0,142,398
991,333,0.303703,1,0,136,399
992,333,0.303703,1,0,386,399
993,993,0.155655,1,0,400,401
994,353,0.156268,1,0,144,400
995,353,0.156269,1,0,145,400
996,7,0,1,1,79,401
997,7,0.0619081,1,1,113,401
998,998,0.872528,1,0,402,403
999,33,0.162165,1,0,36,402
1000,33,0.162165,1,0,144,402
1001,688,1.27121,1,0,278,403
1002,688,1.27121,1,0,279,403
1003,1003,0.243444,1,0,404,405
1004,358,0.189127,1,0,146,404
1005,358,0.189127,1,0,147,404
1006,208,0.462585,0,0,86,405
1007,208,0.462585,1,0,147,405
1008,1008,0.936022,1,0,406,407
1009,20,0.1,1,0,16,406
1010,20,0.1,1,0,146,406
1011,14,0.0745,1,0,99,407
1012,14,0.0745,1,0,293,407
1013,1013,0.828977,1,0,408,409
1014,208,0.30909,1,0,87,408
1015,208,0.30909,1,0,147,408
1016,208,0.231292,1,0,86,409
1017,208,0.231292,1,0,405,409
1018,1018,0.527595,1,0,410,411
1019,363,0.648833,0,0,148,410
1020,363,0.648833,1,0,149,410
1021,13,0.1,1,0,122,411
1022,13,0.1,1,0,149,411
1023,1023,1.06981,1,0,412,413
1024,128,0.5892,1,0,55,412
1025,128,0.5892,1,0,148,412
1026,878,0.241991,1,0,354,413
1027,878,0.241991,1,0,355,413
1028,1028,0.841138,1,0,414,415
1029,13,0.1,1,0,28,414
1030,13,0.1,1,0,149,414
1031,363,0.324416,1,0,148,415
1032,363,0.324416,1,0,410,415
1033,1033,1.04911,1,0,416,417
1034,368,0.72866,1,0,150,416
1035,368,0.72866,1,0,151,416
1036,14,0.0745,1,0,44,417
1037,14,0.0745,1,0,292,417
1038,1038,0.740976,0,0,418,419
1039,14,0.298,1,0,44,418
1040,14,0.298,1,0,150,418
1041,298,0.250274,1,0,122,419
1042,298,0.250274,1,0,350,419
1043,1043,0.320464,1,0,420,421
1044,17,0.0745,1,0,23,420
1045,17,0.0745,1,0,152,420
1046,388,0.551499,1,0,158,421
1047,388,0.551499,1,0,159,421
1048,1048,0.896342,1,0,422,423
1049,378,0.748044,0,0,154,422
1050,378,0.748044,0,0,155,422
1051,143,0.428117,1,0,60,423
1052,143,0.428117,1,0,170,423
1053,1053,0.39895,1,0,424,425
1054,19,0.164865,1,0,6,424
1055,19,0.164865,1,0,154,424
1056,378,0.374022,1,0,154,425
1057,378,0.374022,1,0,422,425
1058,1058,0.342778,1,0,426,427
1059,29,0.298,1,0,7,426
1060,29,0.298,1,0,155,426
1061,24,0.164865,1,0,7,427
1062,24,0.164865,1,0,372,427
1063,1063,1.51061,1,0,428,429
1064,23,0.154754,1,0,42,428
1065,23,0.0940927,1,0,157,428
1066,413,2.12867,1,0,168,429
1067,413,1.2299,1,0,169,429
1068,1068,0.215501,1,0,430,431
1069,23,0.111812,1,0,87,430
1070,23,0.111812,1,0,157,430
1071,383,0.267554,1,0,157,431
1072,383,0.267554,1,0,169,431
1073,1073,1.23793,1,0,432,433
1074,17,0.0745,1,0,23,432
1075,17,0.0745,1,0,158,432
1076,948,0.33273,1,0,382,433
1077,948,0.33273,1,0,383,433
1078,1078,1.11555,1,0,434,435
1079,17,0.0745,1,0,61,434
1080,17,0.0745,1,0,158,434
1081,17,0.149,1,0,64,435
1082,17,0.149,1,0,159,435
1083,1083,2.83632,1,0,436,437
1084,393,0.764784,1,0,160,436
1085,393,0.764784,1,0,161,436
1086,18,0.125442,1,0,11,437
1087,18,0.125442,1,0,230,437
1088,1088,2.9867,1,0,438,439
1089,19,0.164865,1,0,18,438
1090,19,0.164865,1,0,160,438
1091,22,0.164865,1,0,116,439
1092,22,0.164865,1,0,334,439
1093,1093,0.409407,1,0,440,441
1094,398,0.579706,0,0,162,440
1095,398,0.579706,1,0,163,440
1096,14,0.149,1,0,57,441
1097,14,0.149,1,0,190,441
1098,1098,0.616512,1,0,442,443
1099,133,0.458778,1,0,56,442
1100,133,0.458778,1,0,162,442
1101,398,0.289853,1,0,162,443
1102,398,0.289853,1,0,440,443
1103,1103,1.03027,1,0,444,445
1104,133,0.458778,1,0,57,444
1105,133,0.458778,1,0,162,444
1106,1038,0.370488,1,0,418,445
1107,1038,0.370488,1,0,419,445
1108,1108,0.126191,1,0,446,447
1109,20,0.05,1,0,1,446
1110,20,0.05,1,0,163,446
1111,14,0.149,1,0,1,447
1112,14,0.149,1,0,190,447
1113,1113,0.90865,1,0,448,449
1114,20,0.05,1,0,105,448
1115,20,0.05,1,0,163,448
1116,188,0.24042,1,0,78,449
1117,188,0.24042,1,0,240,449
1118,1118,4.30129,1,0,450,451
1119,403,0.398686,1,0,164,450
1120,403,0.398686,1,0,165,450
1121,27,0.0843487,1,0,62,451
1122,27,0.0843487,1,0,195,451
1123,1123,1.77726,1,0,452,453
1124,15,0.125442,1,0,48,452
1125,15,0.125442,1,0,164,452
1126,193,0.428546,1,0,80,453
1127,193,0.428546,1,0,244,453
1128,1128,0.60398,1,0,454,455
1129,408,0.739696,0,0,166,454
1130,408,0.739696,1,0,167,454
1131,7,0.104673,1,1,117,455
1132,7,0,1,1,167,455
1133,1133,0.422999,1,0,456,457
1134,22,0.164865,1,0,1,456
1135,22,0.164865,1,0,166,456
1136,408,0.369848,1,0,166,457
1137,408,0.369848,1,0,454,457
1138,1138,4.29765,1,0,458,459
1139,25,0.0887446,1,0,20,458
1140,25,0.0887444,1,0,168,458
1141,218,0.479239,1,0,90,459
1142,218,0.479239,1,0,266,459
1143,1143,2.07536,1,0,460,461
1144,383,0.267554,1,0,156,460
1145,383,0.267554,1,0,169,460
1146,25,0.0857266,1,0,58,461
1147,25,0.0857267,1,0,394,461
1148,1148,0.337662,1,0,462,463
1149,418,0.170597,1,0,170,462
1150,418,0.170597,1,0,171,462
1151,19,0.0824324,0,0,27,463
1152,19,0.0824324,1,0,283,463
1153,1153,1.43282,1,0,464,465
1154,143,0.428117,1,0,61,464
1155,143,0.428117,1,0,170,464
1156,378,0.374022,1,0,155,465
1157,378,0.374022,1,0,422,465
1158,1158,0.125505,1,0,466,467
1159,19,0.0824324,1,0,97,466
1160,19,0.0824324,1,0,171,466
1161,19,0.0824324,1,0,97,467
1162,19,0.0824324,1,0,283,467
1163,1163,0.291185,1,0,468,469
1164,423,0.334088,1,0,172,468
1165,423,0.334088,1,0,173,468
1166,8,2.4,1,1,77,469
1167,8,2.4,1,1,237,469
1168,1168,1.80133,1,0,470,471
1169,158,1.98272,1,0,66,470
1170,158,1.98272,1,0,172,470
1171,158,0.154503,1,0,67,471
1172,158,0.17469,1,0,172,471
1173,1173,0.163624,1,0,472,473
1174,428,0.138213,1,0,174,472
1175,428,0.138213,1,0,175,472
1176,17,0.0745,1,0,2,473
1177,17,0.0745,1,0,175,473
1178,1178,0.309342,1,0,474,475
1179,19,0.164865,1,0,2,474
1180,19,0.164865,1,0,174,474
1181,508,0.681634,1,0,206,475
1182,508,0.681634,1,0,207,475
1183,1183,0.207666,1,0,476,477
1184,19,0.164865,1,0,27,476
1185,19,0.164865,1,0,174,476
1186,19,0.0412162,1,0,27,477
1187,19,0.0412162,1,0,463,477
1188,1188,0.35322,1,0,478,479
1189,433,0.486383,1,0,176,478
1190,433,0.486383,1,0,177,478
1191,19,0.0824324,1,0,154,479
1192,19,0.0824324,1,0,177,479
1193,1193,0.44979,1,0,480,481
1194,32,0.250884,1,0,6,480
1195,32,0.250884,1,0,176,480
1196,178,0.566289,1,0,74,481
1197,178,0.566289,1,0,232,481
1198,1198,0.349494,1,0,482,483
1199,19,0.0824324,1,0,60,482
1200,19,0.0824324,1,0,177,482
1201,538,0.323238,1,0,218,483
1202,538,0.323238,1,0,219,483
1203,1203,0.521405,1,0,484,485
1204,438,0.500767,1,0,178,484
1205,438,0.500767,1,0,179,484
1206,15,0.0627209,1,0,164,485
1207,15,0.062721,1,0,179,485
1208,1208,1.16922,1,0,486,487
1209,15,0.125442,1,0,10,486
1210,15,0.125442,1,0,178,486
1211,293,0.210428,1,0,120,487
1212,293,0.210428,1,0,346,487
